Sl no.,District Name,Market Name,Commodity,Variety,Grade,Min Price (Rs./Quintal),Max Price (Rs./Quintal),Modal Price (Rs./Quintal),Price Date,formatted_date
1,Shajapur,Shajapur,Onion,Onion,FAQ,1321,1321,1321,05 Mar 2024,05-03-2024
2,Shajapur,Shajapur,Onion,Medium,FAQ,1178,3283,3106,14 Aug 2024,14-08-2024
3,Shajapur,Shajapur,Onion,Medium,FAQ,100,1400,1400,14 Feb 2024,14-02-2024
4,Shajapur,Shajapur,Onion,Medium,FAQ,467,1665,1505,07 May 2024,07-05-2024
5,Shajapur,Shajapur,Onion,Onion,FAQ,1125,1500,1811,11 Jun 2024,11-06-2024
6,Shajapur,Shajapur,Onion,Medium,FAQ,709,3723,3257,07 Sep 2024,07-09-2024
7,Shajapur,Shajapur,Onion,Medium,FAQ,146,1625,146,21 Feb 2024,21-02-2024
8,Shajapur,Shajapur,Onion,Medium,FAQ,215,1525,1525,14 Mar 2024,14-03-2024
9,Shajapur,Shajapur,Onion,Onion,FAQ,2003,2003,2064,08 Jun 2024,08-06-2024
10,Shajapur,Shajapur,Onion,Medium,FAQ,137,1151,400,31 Jan 2024,31-01-2024
11,Shajapur,Shajapur,Onion,Medium,FAQ,336,1761,1700,15 May 2024,15-05-2024
12,Shajapur,Shajapur,Onion,Medium,FAQ,281,1534,857,01 Mar 2024,01-03-2024
13,Shajapur,Shajapur,Onion,Onion,FAQ,2280,2960,2960,07 Aug 2024,07-08-2024
14,Shajapur,Shajapur,Onion,Medium,FAQ,414,1535,1535,13 Apr 2024,13-04-2024
15,Shajapur,Shajapur,Onion,Medium,FAQ,468,2200,1514,14 Jun 2024,14-06-2024
16,Shajapur,Shajapur,Onion,Medium,FAQ,352,1345,1345,18 May 2024,18-05-2024
17,Shajapur,Shajapur,Onion,Onion-Organic,FAQ,1166,1166,1526,06 Mar 2024,06-03-2024
18,Shajapur,Shajapur,Onion,Onion,FAQ,2359,2684,2684,01 Aug 2024,01-08-2024
19,Shajapur,Shajapur,Onion,Onion,FAQ,800,1343,1500,04 Apr 2024,04-04-2024
20,Shajapur,Shajapur,Onion,Onion,FAQ,671,671,380,24 Jan 2024,24-01-2024
21,Shajapur,Shajapur,Onion,Medium,FAQ,865,2899,2895,05 Aug 2024,05-08-2024
22,Shajapur,Shajapur,Onion,Medium,FAQ,789,4603,2718,12 Jul 2024,12-07-2024
23,Shajapur,Shajapur,Onion,Medium,FAQ,152,1397,388,17 Feb 2024,17-02-2024
24,Shajapur,Shajapur,Onion,Onion,FAQ,991,991,304,13 Feb 2024,13-02-2024
25,Shajapur,Shajapur,Onion,Onion,FAQ,2200,2900,2200,05 Aug 2024,05-08-2024
26,Shajapur,Shajapur,Onion,Medium,FAQ,200,1113,114,20 Jan 2024,20-01-2024
27,Shajapur,Shajapur,Onion,Medium,FAQ,304,1321,304,13 Feb 2024,13-02-2024
28,Shajapur,Shajapur,Onion,Medium,FAQ,791,2677,2598,01 Aug 2024,01-08-2024
29,Shajapur,Shajapur,Onion,Medium,FAQ,285,1710,465,02 Mar 2024,02-03-2024
30,Shajapur,Shajapur,Onion,Medium,FAQ,377,1540,974,20 May 2024,20-05-2024
31,Shajapur,Shajapur,Onion,Onion,FAQ,700,700,450,28 Feb 2024,28-02-2024
32,Shajapur,Shajapur,Onion,Onion,FAQ,1455,1455,480,12 Mar 2024,12-03-2024
33,Shajapur,Shajapur,Onion,Medium,FAQ,563,3258,3048,16 Aug 2024,16-08-2024
34,Shajapur,Shajapur,Onion,Medium,FAQ,289,1599,289,08 Feb 2024,08-02-2024
35,Shajapur,Shajapur,Onion,Medium,FAQ,220,1386,1204,15 Mar 2024,15-03-2024
36,Shajapur,Shajapur,Onion,Medium,FAQ,417,2612,2406,20 Jun 2024,20-06-2024
37,Shajapur,Shajapur,Onion,Medium,FAQ,637,2684,2518,27 Jun 2024,27-06-2024
38,Shajapur,Shajapur,Onion,Medium,FAQ,705,2919,2559,08 Jul 2024,08-07-2024
39,Shajapur,Shajapur,Onion,Medium,FAQ,640,2857,2505,04 Jul 2024,04-07-2024
40,Shajapur,Shajapur,Onion,Onion,FAQ,1201,1902,997,04 Jan 2024,04-01-2024
41,Shajapur,Shajapur,Onion,Medium,FAQ,1030,3835,2648,27 Aug 2024,27-08-2024
42,Shajapur,Shajapur,Onion,Medium,FAQ,180,1390,1152,06 Apr 2024,06-04-2024
43,Shajapur,Shajapur,Onion,Medium,FAQ,588,1659,1255,19 Apr 2024,19-04-2024
44,Shajapur,Shajapur,Onion,Medium,FAQ,373,1770,1770,01 Jun 2024,01-06-2024
45,Shajapur,Shajapur,Onion,Medium,FAQ,858,1083,858,26 Jan 2024,26-01-2024
46,Shajapur,Shajapur,Onion,Onion,FAQ,2425,2848,2523,02 Jul 2024,02-07-2024
47,Shajapur,Shajapur,Onion,Medium,FAQ,100,1200,100,09 Feb 2024,09-02-2024
48,Shajapur,Shajapur,Onion,Medium,FAQ,707,3500,3233,31 Aug 2024,31-08-2024
49,Shajapur,Shajapur,Onion,Medium,FAQ,166,1252,752,07 Feb 2024,07-02-2024
50,Shajapur,Shajapur,Onion,Medium,FAQ,340,2011,340,10 Jan 2024,10-01-2024
51,Shajapur,Shajapur,Onion,Medium,FAQ,210,1156,327,19 Jan 2024,19-01-2024
52,Shajapur,Shajapur,Onion,Onion,FAQ,1089,1492,1357,16 May 2024,16-05-2024
53,Shajapur,Shajapur,Onion,Medium,FAQ,335,1222,1321,05 Mar 2024,05-03-2024
54,Shajapur,Shajapur,Onion,Medium,FAQ,250,1521,1521,25 Apr 2024,25-04-2024
55,Shajapur,Shajapur,Onion,Medium,FAQ,2135,2591,2591,07 Jul 2024,07-07-2024
56,Shajapur,Shajapur,Onion,Medium,FAQ,137,1368,1368,19 Mar 2024,19-03-2024
57,Shajapur,Shajapur,Onion,Onion,FAQ,560,700,1652,21 Mar 2024,21-03-2024
58,Shajapur,Shajapur,Onion,Onion,FAQ,1026,1031,1700,15 May 2024,15-05-2024
59,Shajapur,Shajapur,Onion,Medium,FAQ,520,4240,3855,19 Sep 2024,19-09-2024
60,Shajapur,Shajapur,Onion,Onion,FAQ,650,1386,857,01 Mar 2024,01-03-2024
61,Shajapur,Shajapur,Onion,Onion,FAQ,1551,1551,463,05 Jan 2024,05-01-2024
62,Shajapur,Shajapur,Onion,Onion,FAQ,2300,2650,2650,10 Aug 2024,10-08-2024
63,Shajapur,Shajapur,Onion,Onion,FAQ,800,1000,1000,11 Mar 2024,11-03-2024
64,Shajapur,Shajapur,Onion,Onion,FAQ,2518,2919,2813,01 Jul 2024,01-07-2024
65,Shajapur,Shajapur,Onion,Onion,FAQ,2500,2500,2718,05 Jul 2024,05-07-2024
66,Shajapur,Shajapur,Onion,Medium,FAQ,280,3867,1200,02 May 2024,02-05-2024
67,Shajapur,Shajapur,Onion,Medium,FAQ,300,3325,1647,20 Aug 2024,20-08-2024
68,Shajapur,Shajapur,Onion,Medium,FAQ,230,9900,9900,07 Mar 2024,07-03-2024
69,Shajapur,Shajapur,Onion,Onion,FAQ,2665,2665,2311,28 Jun 2024,28-06-2024
70,Shajapur,Shajapur,Onion,Medium,FAQ,1015,2150,1015,03 Jan 2024,03-01-2024
71,Shajapur,Shajapur,Onion,Medium,FAQ,820,3169,2868,09 Aug 2024,09-08-2024
72,Shajapur,Shajapur,Onion,Onion,FAQ,3025,3558,3543,22 Aug 2024,22-08-2024
73,Shajapur,Shajapur,Onion,Medium,FAQ,300,1803,300,23 Feb 2024,23-02-2024
74,Shajapur,Shajapur,Onion,Onion,FAQ,1725,1725,537,11 Jan 2024,11-01-2024
75,Shajapur,Shajapur,Onion,Medium,FAQ,240,1559,1000,11 Mar 2024,11-03-2024
76,Shajapur,Shajapur,Onion,Medium,FAQ,704,2760,2450,29 Jul 2024,29-07-2024
77,Shajapur,Shajapur,Onion,Medium,FAQ,487,2453,2052,15 Jun 2024,15-06-2024
78,Shajapur,Shajapur,Onion,Onion,FAQ,2579,2619,2505,04 Jul 2024,04-07-2024
79,Shajapur,Shajapur,Onion,Onion,FAQ,2300,2722,2722,31 Jul 2024,31-07-2024
80,Shajapur,Shajapur,Onion,Medium,FAQ,430,2203,2064,08 Jun 2024,08-06-2024
81,Shajapur,Shajapur,Onion,Medium,FAQ,487,2088,1835,13 Jun 2024,13-06-2024
82,Shajapur,Shajapur,Onion,Medium,FAQ,442,1871,1871,31 May 2024,31-05-2024
83,Shajapur,Shajapur,Onion,Onion,FAQ,865,1324,435,12 Jan 2024,12-01-2024
84,Shajapur,Shajapur,Onion,Onion,FAQ,2200,2700,2461,09 Jul 2024,09-07-2024
85,Shajapur,Shajapur,Onion,Medium,FAQ,232,1782,232,26 Feb 2024,26-02-2024
86,Shajapur,Shajapur,Onion,Onion,FAQ,974,1152,1350,02 Apr 2024,02-04-2024
87,Shajapur,Shajapur,Onion,Medium,FAQ,700,3635,2131,21 Aug 2024,21-08-2024
88,Shajapur,Shajapur,Onion,Medium,FAQ,332,25400,3107,24 Aug 2024,24-08-2024
89,Shajapur,Shajapur,Onion,Medium,FAQ,1050,3787,3648,12 Sep 2024,12-09-2024
90,Shajapur,Shajapur,Onion,Onion,FAQ,613,613,475,29 Jan 2024,29-01-2024
91,Shajapur,Shajapur,Onion,Medium,FAQ,301,1734,1386,04 May 2024,04-05-2024
92,Shajapur,Shajapur,Onion,Medium,FAQ,230,1800,600,16 Mar 2024,16-03-2024
93,Shajapur,Shajapur,Onion,Medium,FAQ,336,1195,336,23 Jan 2024,23-01-2024
94,Shajapur,Shajapur,Onion,Onion,FAQ,3225,3288,3288,13 Aug 2024,13-08-2024
95,Shajapur,Shajapur,Onion,Medium,FAQ,479,2782,2260,30 Jul 2024,30-07-2024
96,Shajapur,Shajapur,Onion,Onion,FAQ,2650,3000,3000,06 Sep 2024,06-09-2024
97,Shajapur,Shajapur,Onion,Onion,FAQ,3597,3618,3618,04 Sep 2024,04-09-2024
98,Shajapur,Shajapur,Onion,Medium,FAQ,691,2900,2523,02 Jul 2024,02-07-2024
99,Shajapur,Shajapur,Onion,Medium,FAQ,1179,1780,1179,01 Jan 2024,01-01-2024
100,Shajapur,Shajapur,Onion,Onion,FAQ,3474,3583,3583,24 Aug 2024,24-08-2024
101,Shajapur,Shajapur,Onion,Medium,FAQ,650,3500,3353,29 Aug 2024,29-08-2024
102,Shajapur,Shajapur,Onion,Onion,FAQ,1180,1180,1599,05 Apr 2024,05-04-2024
103,Shajapur,Shajapur,Onion,Medium,FAQ,340,1582,1142,09 Jan 2024,09-01-2024
104,Shajapur,Shajapur,Onion,Onion,FAQ,3077,3155,3155,08 Aug 2024,08-08-2024
105,Shajapur,Shajapur,Onion,Onion,FAQ,593,1154,1368,19 Mar 2024,19-03-2024
106,Shajapur,Shajapur,Onion,Onion,FAQ,1534,1534,1128,27 Feb 2024,27-02-2024
107,Shajapur,Shajapur,Onion,Medium,FAQ,249,1526,1526,06 Mar 2024,06-03-2024
108,Shajapur,Shajapur,Onion,Onion,FAQ,1400,3629,3629,05 Sep 2024,05-09-2024
109,Shajapur,Shajapur,Onion,Onion,FAQ,2257,2849,2210,03 Jul 2024,03-07-2024
110,Shajapur,Shajapur,Onion,Medium,FAQ,380,1051,380,24 Jan 2024,24-01-2024
111,Shajapur,Shajapur,Onion,Medium,FAQ,483,1843,1501,30 May 2024,30-05-2024
112,Shajapur,Shajapur,Onion,Onion,FAQ,559,1275,100,17 Jan 2024,17-01-2024
113,Shajapur,Shajapur,Onion,Medium,FAQ,200,1036,200,15 Feb 2024,15-02-2024
114,Shajapur,Shajapur,Onion,Medium,FAQ,539,20400,3489,06 Sep 2024,06-09-2024
115,Shajapur,Shajapur,Onion,Onion,FAQ,1004,1084,1500,01 May 2024,01-05-2024
116,Shajapur,Shajapur,Onion,Onion,FAQ,996,1347,1098,12 Feb 2024,12-02-2024
117,Shajapur,Shajapur,Onion,Onion,FAQ,1250,1250,400,31 Jan 2024,31-01-2024
118,Shajapur,Shajapur,Onion,Medium,FAQ,433,1801,1172,03 Jun 2024,03-06-2024
119,Shajapur,Shajapur,Onion,Medium,FAQ,383,2684,2349,19 Jun 2024,19-06-2024
120,Shajapur,Shajapur,Onion,Onion,FAQ,700,1391,1526,06 Mar 2024,06-03-2024
121,Shajapur,Shajapur,Onion,Medium,FAQ,131,1652,1652,21 Mar 2024,21-03-2024
122,Shajapur,Shajapur,Onion,Medium,FAQ,378,1604,643,22 Apr 2024,22-04-2024
123,Shajapur,Shajapur,Onion,Medium,FAQ,3244,3751,3751,25 Aug 2024,25-08-2024
124,Shajapur,Shajapur,Onion,Medium,FAQ,205,10500,1400,24 Apr 2024,24-04-2024
125,Shajapur,Shajapur,Onion,Medium,FAQ,363,1569,1276,29 Apr 2024,29-04-2024
126,Shajapur,Shajapur,Onion,Medium,FAQ,458,2813,2696,10 Jul 2024,10-07-2024
127,Shajapur,Shajapur,Onion,Medium,FAQ,570,2842,2714,25 Jun 2024,25-06-2024
128,Shajapur,Shajapur,Onion,Medium,FAQ,170,3717,2212,02 Aug 2024,02-08-2024
129,Shajapur,Shajapur,Onion,Medium,FAQ,323,1198,318,16 Feb 2024,16-02-2024
130,Shajapur,Shajapur,Onion,Medium,FAQ,122,1035,122,10 Feb 2024,10-02-2024
131,Shajapur,Shajapur,Onion,Medium,FAQ,412,1503,1503,18 Apr 2024,18-04-2024
132,Shajapur,Shajapur,Onion,Medium,FAQ,524,3888,3269,13 Sep 2024,13-09-2024
133,Shajapur,Shajapur,Onion,Medium,FAQ,1418,1580,1580,19 May 2024,19-05-2024
134,Shajapur,Shajapur,Onion,Onion,FAQ,2100,2100,2100,13 Jul 2024,13-07-2024
135,Shajapur,Shajapur,Onion,Medium,FAQ,845,1636,1636,23 Apr 2024,23-04-2024
136,Shajapur,Shajapur,Onion,Onion,FAQ,700,1451,9900,07 Mar 2024,07-03-2024
137,Shajapur,Shajapur,Onion,Medium,FAQ,601,2735,2311,28 Jun 2024,28-06-2024
138,Shajapur,Shajapur,Onion,Medium,FAQ,230,1691,1128,27 Feb 2024,27-02-2024
139,Shajapur,Shajapur,Onion,Medium,FAQ,428,1582,1500,28 May 2024,28-05-2024
140,Shajapur,Shajapur,Onion,Medium,FAQ,639,2751,2571,31 Jul 2024,31-07-2024
141,Shajapur,Shajapur,Onion,Onion,FAQ,105,1118,911,18 Mar 2024,18-03-2024
142,Shajapur,Shajapur,Onion,Medium,FAQ,546,4300,3968,20 Sep 2024,20-09-2024
143,Shajapur,Shajapur,Onion,Onion,FAQ,500,955,114,20 Jan 2024,20-01-2024
144,Shajapur,Shajapur,Onion,Onion,FAQ,750,1413,146,21 Feb 2024,21-02-2024
145,Shajapur,Shajapur,Onion,Medium,FAQ,175,1576,1500,04 Apr 2024,04-04-2024
146,Shajapur,Shajapur,Onion,Medium,FAQ,349,984,125,25 Jan 2024,25-01-2024
147,Shajapur,Shajapur,Onion,Medium,FAQ,418,3732,3103,05 Sep 2024,05-09-2024
148,Shajapur,Shajapur,Onion,Onion,FAQ,468,1119,1259,20 Mar 2024,20-03-2024
149,Shajapur,Shajapur,Onion,Medium,FAQ,945,2795,2735,03 Aug 2024,03-08-2024
150,Shajapur,Shajapur,Onion,Medium,FAQ,958,3781,3775,02 Sep 2024,02-09-2024
151,Shajapur,Shajapur,Onion,Onion,FAQ,3400,3957,3800,18 Sep 2024,18-09-2024
152,Shajapur,Shajapur,Onion,Medium,FAQ,350,7400,1310,24 May 2024,24-05-2024
153,Shajapur,Shajapur,Onion,Medium,FAQ,997,1898,997,04 Jan 2024,04-01-2024
154,Shajapur,Shajapur,Onion,Onion,FAQ,790,1198,200,15 Feb 2024,15-02-2024
155,Shajapur,Shajapur,Onion,Onion,FAQ,1000,1515,1505,07 May 2024,07-05-2024
156,Shajapur,Shajapur,Onion,Onion,FAQ,1442,1777,1851,16 Apr 2024,16-04-2024
157,Shajapur,Shajapur,Onion,Onion,FAQ,1255,1611,1803,06 Jun 2024,06-06-2024
158,Shajapur,Shajapur,Onion,Medium,FAQ,110,2051,110,20 Feb 2024,20-02-2024
159,Shajapur,Shajapur,Onion,Medium,FAQ,182,1382,182,02 Feb 2024,02-02-2024
160,Shajapur,Shajapur,Onion,Medium,FAQ,600,1700,600,15 Jan 2024,15-01-2024
161,Shajapur,Shajapur,Onion,Medium,FAQ,350,1815,1600,08 May 2024,08-05-2024
162,Shajapur,Shajapur,Onion,Onion,FAQ,1013,1013,100,09 Feb 2024,09-02-2024
163,Shajapur,Shajapur,Onion,Onion,FAQ,983,1140,289,08 Feb 2024,08-02-2024
164,Shajapur,Shajapur,Onion,Medium,FAQ,427,1651,1651,22 May 2024,22-05-2024
165,Shajapur,Shajapur,Onion,Medium,FAQ,603,3911,3270,23 Aug 2024,23-08-2024
166,Shajapur,Shajapur,Onion,Onion,FAQ,1412,1412,351,06 Jan 2024,06-01-2024
167,Shajapur,Shajapur,Onion,Onion,FAQ,3058,3550,3350,27 Aug 2024,27-08-2024
168,Shajapur,Shajapur,Onion,Onion,FAQ,1200,2394,2406,20 Jun 2024,20-06-2024
169,Shajapur,Shajapur,Onion,Medium,FAQ,569,3732,3356,22 Aug 2024,22-08-2024
170,Shajapur,Shajapur,Onion,Medium,FAQ,350,1551,1500,01 May 2024,01-05-2024
171,Shajapur,Shajapur,Onion,Onion,FAQ,2673,2675,2675,02 Aug 2024,02-08-2024
172,Shajapur,Shajapur,Onion,Medium,FAQ,450,1514,450,28 Feb 2024,28-02-2024
173,Shajapur,Shajapur,Onion,Onion,FAQ,600,600,1400,14 Feb 2024,14-02-2024
174,Shajapur,Shajapur,Onion,Onion,FAQ,1276,1276,1152,06 Apr 2024,06-04-2024
175,Shajapur,Shajapur,Onion,Onion,FAQ,554,1400,388,17 Feb 2024,17-02-2024
176,Shajapur,Shajapur,Onion,Medium,FAQ,210,7200,1011,04 Mar 2024,04-03-2024
177,Shajapur,Shajapur,Onion,Medium,FAQ,557,3500,2776,30 Aug 2024,30-08-2024
178,Shajapur,Shajapur,Onion,Medium,FAQ,900,4023,3752,03 Sep 2024,03-09-2024
179,Shajapur,Shajapur,Onion,Onion,FAQ,920,1787,1787,15 Apr 2024,15-04-2024
180,Shajapur,Shajapur,Onion,Onion,FAQ,2800,3325,3279,29 Aug 2024,29-08-2024
181,Shajapur,Shajapur,Onion,Medium,FAQ,705,1547,1547,20 Apr 2024,20-04-2024
182,Shajapur,Shajapur,Onion,Medium,FAQ,890,1436,890,16 Jan 2024,16-01-2024
183,Shajapur,Shajapur,Onion,Medium,FAQ,800,3677,3375,28 Aug 2024,28-08-2024
184,Shajapur,Shajapur,Onion,Medium,FAQ,437,2765,2404,26 Jun 2024,26-06-2024
185,Shajapur,Shajapur,Onion,Medium,FAQ,230,1491,1491,17 May 2024,17-05-2024
186,Shajapur,Shajapur,Onion,Medium,FAQ,423,1449,1449,08 Apr 2024,08-04-2024
187,Shajapur,Shajapur,Onion,Medium,FAQ,377,1726,377,08 Jan 2024,08-01-2024
188,Shajapur,Shajapur,Onion,Onion,FAQ,1216,1216,1276,29 Apr 2024,29-04-2024
189,Shajapur,Shajapur,Onion,Medium,FAQ,445,2314,1849,10 Jun 2024,10-06-2024
190,Shajapur,Shajapur,Onion,Onion,FAQ,1384,1530,1535,13 Apr 2024,13-04-2024
191,Shajapur,Shajapur,Onion,Onion,FAQ,1050,1050,599,27 May 2024,27-05-2024
192,Shajapur,Shajapur,Onion,Medium,FAQ,735,3000,2557,06 Aug 2024,06-08-2024
193,Shajapur,Shajapur,Onion,Onion,FAQ,1064,1064,752,07 Feb 2024,07-02-2024
194,Shajapur,Shajapur,Onion,Onion,FAQ,2200,2200,2200,11 Jul 2024,11-07-2024
195,Shajapur,Shajapur,Onion,Medium,FAQ,435,1697,435,12 Jan 2024,12-01-2024
196,Shajapur,Shajapur,Onion,Medium,FAQ,452,2200,1400,12 Jun 2024,12-06-2024
197,Shajapur,Shajapur,Onion,Medium,FAQ,204,1166,441,06 Feb 2024,06-02-2024
198,Shajapur,Shajapur,Onion,Onion,FAQ,318,1100,318,16 Feb 2024,16-02-2024
199,Shajapur,Shajapur,Onion,Medium,FAQ,633,1545,1545,03 May 2024,03-05-2024
200,Shajapur,Shajapur,Onion,Onion,FAQ,1880,2724,2575,22 Jun 2024,22-06-2024
201,Shajapur,Shajapur,Onion,Medium,FAQ,381,1341,381,18 Jan 2024,18-01-2024
202,Shajapur,Shajapur,Onion,Medium,FAQ,1400,1400,1400,28 Apr 2024,28-04-2024
203,Shajapur,Shajapur,Onion,Medium,FAQ,165,13200,165,03 Feb 2024,03-02-2024
204,Shajapur,Shajapur,Onion,Onion,FAQ,1081,1266,1636,23 Apr 2024,23-04-2024
205,Shajapur,Shajapur,Onion,Medium,FAQ,218,218,218,04 Feb 2024,04-02-2024
206,Shajapur,Shajapur,Onion,Medium,FAQ,463,1468,463,05 Jan 2024,05-01-2024
207,Shajapur,Shajapur,Onion,Onion,FAQ,800,1273,300,23 Feb 2024,23-02-2024
208,Shajapur,Shajapur,Onion,Medium,FAQ,446,970,970,23 Mar 2024,23-03-2024
209,Shajapur,Shajapur,Onion,Medium,FAQ,300,3391,3391,11 May 2024,11-05-2024
210,Shajapur,Shajapur,Onion,Medium,FAQ,933,3475,3228,12 Aug 2024,12-08-2024
211,Shajapur,Shajapur,Onion,Onion,FAQ,590,1126,381,18 Jan 2024,18-01-2024
212,Shajapur,Shajapur,Onion,Medium,FAQ,347,2304,1803,06 Jun 2024,06-06-2024
213,Shajapur,Shajapur,Onion,Onion,FAQ,4049,4141,4141,19 Sep 2024,19-09-2024
214,Shajapur,Shajapur,Onion,Medium,FAQ,756,3509,3284,09 Sep 2024,09-09-2024
215,Shajapur,Shajapur,Onion,Onion,FAQ,2568,3249,3249,14 Aug 2024,14-08-2024
216,Shajapur,Shajapur,Onion,Medium,FAQ,145,1082,475,29 Jan 2024,29-01-2024
217,Shajapur,Shajapur,Onion,Onion,FAQ,3120,4236,3350,20 Sep 2024,20-09-2024
218,Shajapur,Shajapur,Onion,Medium,FAQ,478,2192,1447,07 Jun 2024,07-06-2024
219,Shajapur,Shajapur,Onion,Medium,FAQ,880,3047,2813,01 Jul 2024,01-07-2024
220,Shajapur,Shajapur,Onion,Onion,FAQ,500,1008,165,03 Feb 2024,03-02-2024
221,Shajapur,Shajapur,Onion,Medium,FAQ,400,1826,400,19 Feb 2024,19-02-2024
222,Shajapur,Shajapur,Onion,Onion,FAQ,1191,1191,1619,09 May 2024,09-05-2024
223,Shajapur,Shajapur,Onion,Medium,FAQ,523,1919,1600,06 May 2024,06-05-2024
224,Shajapur,Shajapur,Onion,Medium,FAQ,662,3356,2946,17 Aug 2024,17-08-2024
225,Shajapur,Shajapur,Onion,Onion,FAQ,2500,3000,3000,31 Aug 2024,31-08-2024
226,Shajapur,Shajapur,Onion,Medium,FAQ,513,2701,2575,22 Jun 2024,22-06-2024
227,Shajapur,Shajapur,Onion,Onion,FAQ,3265,3347,3347,12 Aug 2024,12-08-2024
228,Shajapur,Shajapur,Onion,Medium,FAQ,1150,1150,1150,16 Sep 2024,16-09-2024
229,Shajapur,Shajapur,Onion,Medium,FAQ,470,2797,2434,21 Jun 2024,21-06-2024
230,Shajapur,Shajapur,Onion,Onion,FAQ,1460,1675,232,26 Feb 2024,26-02-2024
231,Shajapur,Shajapur,Onion,Medium,FAQ,205,7145,867,13 Mar 2024,13-03-2024
232,Shajapur,Shajapur,Onion,Onion,FAQ,750,1311,1800,29 Feb 2024,29-02-2024
233,Shajapur,Shajapur,Onion,Onion,FAQ,968,968,327,19 Jan 2024,19-01-2024
234,Shajapur,Shajapur,Onion,Onion,FAQ,600,4816,1011,04 Mar 2024,04-03-2024
235,Shajapur,Shajapur,Onion,Nasik,FAQ,3850,3850,3850,20 Sep 2024,20-09-2024
236,Shajapur,Shajapur,Onion,Medium,FAQ,249,1599,1599,05 Apr 2024,05-04-2024
237,Shajapur,Shajapur,Onion,Medium,FAQ,358,2866,599,27 May 2024,27-05-2024
238,Shajapur,Shajapur,Onion,Onion,FAQ,964,964,1521,25 Apr 2024,25-04-2024
239,Shajapur,Shajapur,Onion,Medium,FAQ,136,840,650,30 Jan 2024,30-01-2024
240,Shajapur,Shajapur,Onion,Onion,FAQ,785,785,655,01 Feb 2024,01-02-2024
241,Shajapur,Shajapur,Onion,Medium,FAQ,755,1880,755,02 Jan 2024,02-01-2024
242,Shajapur,Shajapur,Onion,Medium,FAQ,386,1600,1300,25 May 2024,25-05-2024
243,Shajapur,Shajapur,Onion,Medium,FAQ,189,1505,978,22 Feb 2024,22-02-2024
244,Shajapur,Shajapur,Onion,Medium,FAQ,384,1259,1259,20 Mar 2024,20-03-2024
245,Shajapur,Shajapur,Onion,Local,FAQ,3470,3470,3470,27 Aug 2024,27-08-2024
246,Shajapur,Shajapur,Onion,Onion,FAQ,954,1318,1600,08 May 2024,08-05-2024
247,Shajapur,Shajapur,Onion,Medium,FAQ,937,3011,2873,07 Aug 2024,07-08-2024
248,Shajapur,Shajapur,Onion,Medium,FAQ,565,4465,3828,14 Sep 2024,14-09-2024
249,Shajapur,Shajapur,Onion,Onion,FAQ,3771,3771,3771,03 Sep 2024,03-09-2024
250,Shajapur,Shajapur,Onion,Medium,FAQ,162,1200,911,18 Mar 2024,18-03-2024
251,Shajapur,Shajapur,Onion,Medium,FAQ,370,1626,1357,16 May 2024,16-05-2024
252,Shajapur,Shajapur,Onion,Onion,FAQ,3000,3362,3362,09 Sep 2024,09-09-2024
253,Shajapur,Shajapur,Onion,Medium,FAQ,700,3851,3368,04 Sep 2024,04-09-2024
254,Shajapur,Shajapur,Onion,Medium,FAQ,170,1101,1217,22 Mar 2024,22-03-2024
255,Shajapur,Shajapur,Onion,Medium,FAQ,344,1613,1613,27 Apr 2024,27-04-2024
256,Shajapur,Shajapur,Onion,Medium,FAQ,1150,3694,3556,11 Sep 2024,11-09-2024
257,Shajapur,Shajapur,Onion,Onion,FAQ,1125,1125,1835,13 Jun 2024,13-06-2024
258,Shajapur,Shajapur,Onion,Onion,FAQ,525,1452,1525,14 Mar 2024,14-03-2024
259,Shajapur,Shajapur,Onion,Onion,FAQ,800,898,867,13 Mar 2024,13-03-2024
260,Shajapur,Shajapur,Onion,Medium,FAQ,349,1647,1647,26 Apr 2024,26-04-2024
261,Shajapur,Shajapur,Onion,Onion,FAQ,2200,2700,2200,06 Aug 2024,06-08-2024
262,Shajapur,Shajapur,Onion,Onion,FAQ,1217,1217,1217,22 Mar 2024,22-03-2024
263,Shajapur,Shajapur,Onion,Medium,FAQ,594,4201,3364,18 Sep 2024,18-09-2024
264,Shajapur,Shajapur,Onion,Medium,FAQ,910,2857,2395,29 Jun 2024,29-06-2024
265,Shajapur,Shajapur,Onion,Medium,FAQ,840,2845,2715,13 Jul 2024,13-07-2024
266,Shajapur,Shajapur,Onion,Onion,FAQ,3360,3603,3603,23 Aug 2024,23-08-2024
267,Shajapur,Shajapur,Onion,Medium,FAQ,592,3093,2461,09 Jul 2024,09-07-2024
268,Shajapur,Shajapur,Onion,Medium,FAQ,1020,9000,2633,06 Jul 2024,06-07-2024
269,Shajapur,Shajapur,Onion,Onion,FAQ,3397,3438,3438,10 Sep 2024,10-09-2024
270,Shajapur,Shajapur,Onion,Onion,FAQ,2569,3210,3210,09 Aug 2024,09-08-2024
271,Shajapur,Shajapur,Onion,Onion,FAQ,850,1100,2052,15 Jun 2024,15-06-2024
272,Shajapur,Shajapur,Onion,Medium,FAQ,250,1600,480,12 Mar 2024,12-03-2024
273,Shajapur,Shajapur,Onion,Onion,FAQ,1350,2505,2518,27 Jun 2024,27-06-2024
274,Shajapur,Shajapur,Onion,Onion,FAQ,1226,1346,1500,28 May 2024,28-05-2024
275,Shajapur,Shajapur,Onion,Medium,FAQ,839,3000,2324,11 Jul 2024,11-07-2024
276,Shajapur,Shajapur,Onion,Nasik,FAQ,1700,1700,1800,29 Feb 2024,29-02-2024
277,Shajapur,Shajapur,Onion,Medium,FAQ,190,1851,1851,16 Apr 2024,16-04-2024
278,Shajapur,Shajapur,Onion,Medium,FAQ,688,2897,2210,03 Jul 2024,03-07-2024
279,Shajapur,Shajapur,Onion,Onion,FAQ,2200,2652,2652,03 Aug 2024,03-08-2024
280,Shajapur,Shajapur,Onion,Medium,FAQ,130,1287,655,01 Feb 2024,01-02-2024
281,Shajapur,Shajapur,Onion,Onion,FAQ,500,1565,1565,03 Apr 2024,03-04-2024
282,Shajapur,Shajapur,Onion,Medium,FAQ,1300,3700,3339,10 Sep 2024,10-09-2024
283,Shajapur,Shajapur,Onion,Medium,FAQ,100,1656,100,17 Jan 2024,17-01-2024
284,Shajapur,Shajapur,Onion,Onion,FAQ,1332,1332,643,22 Apr 2024,22-04-2024
285,Shajapur,Shajapur,Onion,Medium,FAQ,100,1255,1098,12 Feb 2024,12-02-2024
286,Shajapur,Shajapur,Onion,Onion-Organic,FAQ,472,472,1803,06 Jun 2024,06-06-2024
287,Shajapur,Shajapur,Onion,Medium,FAQ,305,1619,1619,09 May 2024,09-05-2024
288,Shajapur,Shajapur,Onion,Onion,FAQ,2532,2532,2434,21 Jun 2024,21-06-2024
289,Shajapur,Shajapur,Onion,Onion,FAQ,750,1440,978,22 Feb 2024,22-02-2024
290,Shajapur,Shajapur,Onion,Medium,FAQ,807,2882,2718,05 Jul 2024,05-07-2024
291,Shajapur,Shajapur,Onion,Medium,FAQ,200,1420,1565,03 Apr 2024,03-04-2024
292,Shajapur,Shajapur,Onion,Onion,FAQ,2665,2665,2665,30 Jul 2024,30-07-2024
293,Shajapur,Shajapur,Onion,Medium,FAQ,866,3253,2607,08 Aug 2024,08-08-2024
294,Shajapur,Shajapur,Onion,Onion,FAQ,946,1176,441,06 Feb 2024,06-02-2024
295,Shajapur,Shajapur,Onion,Onion,FAQ,3000,3500,3500,21 Aug 2024,21-08-2024
296,Shajapur,Shajapur,Onion,Onion,FAQ,1294,1381,1000,21 May 2024,21-05-2024
297,Shajapur,Shajapur,Onion,Onion,FAQ,600,1014,600,16 Mar 2024,16-03-2024
298,Shajapur,Shajapur,Onion,Medium,FAQ,352,1674,1000,21 May 2024,21-05-2024
299,Shajapur,Shajapur,Onion,Medium,FAQ,987,3239,3048,10 Aug 2024,10-08-2024
300,Shajapur,Shajapur,Onion,Onion,FAQ,720,720,650,30 Jan 2024,30-01-2024
301,Shajapur,Shajapur,Onion,Onion,FAQ,3000,3150,3150,20 Aug 2024,20-08-2024
302,Shajapur,Shajapur,Onion,Onion,FAQ,792,1127,200,05 Feb 2024,05-02-2024
303,Shajapur,Shajapur,Onion,Medium,FAQ,500,2344,1811,11 Jun 2024,11-06-2024
304,Shajapur,Shajapur,Onion,Medium,FAQ,537,2141,537,11 Jan 2024,11-01-2024
305,Shajapur,Shajapur,Onion,Onion,FAQ,800,1511,400,19 Feb 2024,19-02-2024
306,Shajapur,Shajapur,Onion,Medium,FAQ,286,1713,1293,09 Mar 2024,09-03-2024
307,Shajapur,Shajapur,Onion,Medium,FAQ,217,1800,1800,29 Feb 2024,29-02-2024
308,Shajapur,Shajapur,Onion,Medium,FAQ,200,1169,200,05 Feb 2024,05-02-2024
309,Shajapur,Shajapur,Onion,Medium,FAQ,873,16000,3153,13 Aug 2024,13-08-2024
310,Shajapur,Shajapur,Onion,Onion,FAQ,2000,3000,3000,13 Sep 2024,13-09-2024
311,Shajapur,Shajapur,Onion,Medium,FAQ,480,2915,2729,24 Jun 2024,24-06-2024
312,Shajapur,Shajapur,Onion,Medium,FAQ,210,1468,1787,15 Apr 2024,15-04-2024
313,Shajapur,Shajapur,Onion,Medium,FAQ,403,1934,1061,05 Jun 2024,05-06-2024
314,Shajapur,Shajapur,Onion,Onion,FAQ,2680,3528,3528,28 Aug 2024,28-08-2024
315,Shajapur,Shajapur,Onion,Medium,FAQ,364,7472,7472,29 May 2024,29-05-2024
316,Shajapur,Shajapur,Onion,Red,FAQ,3141,3141,3141,13 Aug 2024,13-08-2024
317,Shajapur,Shajapur,Onion,Onion,FAQ,500,500,125,25 Jan 2024,25-01-2024
318,Shajapur,Shajapur,Onion,Onion,FAQ,689,1360,336,23 Jan 2024,23-01-2024
319,Shajapur,Shajapur,Onion,Medium,FAQ,280,1350,1350,02 Apr 2024,02-04-2024
320,Shajapur,Shajapur,Onion,Onion,FAQ,1284,1284,1400,24 Apr 2024,24-04-2024
321,Shajapur,Shajapur,Onion,Onion,FAQ,954,954,1449,08 Apr 2024,08-04-2024
322,Shajapur,Shajapur,Onion,Medium,FAQ,414,1571,1571,30 Apr 2024,30-04-2024
323,Shajapur,Shajapur,Onion,Medium,FAQ,351,1334,351,06 Jan 2024,06-01-2024
324,Shajapur,Shajapur,Onion,Medium,FAQ,342,1931,1856,04 Jun 2024,04-06-2024
